Task_ID,Image,State,Worker_ID,SubmittedAt_ms,ScheduledAt_ms,startedAt_ms,Wait_Latency_ms,Boot_Latency_ms,Execution_Time_ms
0283314e,alpine,COMPLETED,e3310435,1781784952270,1781784953011,1781784957968,741,4957,5698
03243247,alpine,COMPLETED,cd5642bd,1781784952282,1781784953014,1781784957788,732,4774,5506
065a8221,alpine,COMPLETED,597b0590,1781784952266,1781784953017,1781784957721,751,4704,5455
0ad29f1e,alpine,COMPLETED,e3310435,1781784952277,1781784953020,1781784958555,743,5535,6278
0f2c8353,alpine,COMPLETED,cd5642bd,1781784952268,1781784953025,1781784959031,757,6006,6763
112c9577,alpine,COMPLETED,597b0590,1781784952281,1781784953029,1781784958575,748,5546,6294
1bde5641,alpine,COMPLETED,e3310435,1781784952273,1781784953033,1781784959087,760,6054,6814
2085d691,alpine,COMPLETED,cd5642bd,1781784952281,1781784953038,1781784959165,757,6127,6884
3be2875a,alpine,COMPLETED,597b0590,1781784952283,1781784953041,1781784959134,758,6093,6851
43248d6e,alpine,COMPLETED,e3310435,1781784952281,1781784953045,1781784960379,764,7334,8098
4bfcff4b,alpine,COMPLETED,cd5642bd,1781784952277,1781784953053,1781784959225,776,6172,6948
61337fb8,alpine,COMPLETED,597b0590,1781784952270,1781784953056,1781784959254,786,6198,6984
686d398d,alpine,COMPLETED,e3310435,1781784952267,1781784953060,1781784959191,793,6131,6924
6b350389,alpine,COMPLETED,cd5642bd,1781784952267,1781784953063,1781784959292,796,6229,7025
6b753a74,alpine,COMPLETED,597b0590,1781784952284,1781784953068,1781784964855,784,11787,12571
6e3ffa0d,alpine,COMPLETED,e3310435,1781784952283,1781784953072,1781784961479,789,8407,9196
72d69bd3,alpine,COMPLETED,cd5642bd,1781784952269,1781784953076,1781784960467,807,7391,8198
75547da8,alpine,COMPLETED,597b0590,1781784952269,1781784953079,1781784960520,810,7441,8251
75ba9dfd,alpine,COMPLETED,e3310435,1781784952277,1781784953083,1781784962877,806,9794,10600
79454aff,alpine,COMPLETED,cd5642bd,1781784952280,1781784953088,1781784964885,808,11797,12605
794592fe,alpine,COMPLETED,597b0590,1781784952282,1781784953091,1781784960548,809,7457,8266
8b36a28d,alpine,COMPLETED,e3310435,1781784952283,1781784953095,1781784961510,812,8415,9227
8eabca0b,alpine,COMPLETED,cd5642bd,1781784952277,1781784953098,1781784962444,821,9346,10167
8fcd0fb5,alpine,COMPLETED,597b0590,1781784952277,1781784953102,1781784963261,825,10159,10984
96181dea,alpine,COMPLETED,e3310435,1781784952277,1781784953107,1781784961579,830,8472,9302
9badff19,alpine,COMPLETED,cd5642bd,1781784952275,1781784953111,1781784963231,836,10120,10956
a25ea99b,alpine,COMPLETED,597b0590,1781784952268,1781784953114,1781784963150,846,10036,10882
a45d1708,alpine,COMPLETED,e3310435,1781784952279,1781784953117,1781784964046,838,10929,11767
a677fa38,alpine,COMPLETED,cd5642bd,1781784952285,1781784953122,1781784964788,837,11666,12503
a6f7e1b1,alpine,COMPLETED,597b0590,1781784952277,1781784953126,1781784963571,849,10445,11294
ad543c95,alpine,COMPLETED,e3310435,1781784952279,1781784953129,1781784962393,850,9264,10114
b1be7d6d,alpine,COMPLETED,cd5642bd,1781784952278,1781784953133,1781784964150,855,11017,11872
b3b94e20,alpine,COMPLETED,597b0590,1781784952285,1781784953137,1781784961541,852,8404,9256
b651a75e,alpine,COMPLETED,e3310435,1781784952284,1781784953141,1781784960822,857,7681,8538
bc06f327,alpine,COMPLETED,cd5642bd,1781784952281,1781784953144,1781784962343,863,9199,10062
d383a794,alpine,COMPLETED,597b0590,1781784952282,1781784953149,1781784964138,867,10989,11856
d4b72214,alpine,COMPLETED,e3310435,1781784952267,1781784953153,1781784962440,886,9287,10173
d548f7c5,alpine,COMPLETED,cd5642bd,1781784952270,1781784953157,1781784961880,887,8723,9610
ddb8e68f,alpine,COMPLETED,597b0590,1781784952280,1781784953162,1781784960503,882,7341,8223
deb04e2e,alpine,COMPLETED,e3310435,1781784952267,1781784953165,1781784964108,898,10943,11841
e1081637,alpine,COMPLETED,cd5642bd,1781784952269,1781784953169,1781784965373,900,12204,13104
e4a1d578,alpine,COMPLETED,597b0590,1781784952277,1781784953174,1781784962355,897,9181,10078
e525bbfc,alpine,COMPLETED,e3310435,1781784952285,1781784953178,1781784963197,893,10019,10912
ea5d2c97,alpine,COMPLETED,cd5642bd,1781784952270,1781784953181,1781784964821,911,11640,12551
ee09c8d4,alpine,COMPLETED,597b0590,1781784952280,1781784953185,1781784963185,905,10000,10905
f3683a83,alpine,COMPLETED,e3310435,1781784952267,1781784953189,1781784964080,922,10891,11813
f5fbc695,alpine,COMPLETED,cd5642bd,1781784952267,1781784953193,1781784961192,926,7999,8925
f6178926,alpine,COMPLETED,597b0590,1781784952275,1781784953197,1781784964894,922,11697,12619
f718912b,alpine,COMPLETED,e3310435,1781784952284,1781784953201,1781784961569,917,8368,9285
f85c0030,alpine,COMPLETED,cd5642bd,1781784952284,1781784953205,1781784964478,921,11273,12194
